id,question,answer,relevant_passage_ids,retriever_ids,llm_answer,recall,precision,f_score,LLM回答质量分
206,Between which probes does the recurrent translocation breakpoint on chromosome 22 of neuroepithelioma lie?,"The recurrent translocation breakpoint on chromosome 22 of neuroepithelioma has been localized between two probes, D22S1 and D22S15, by both in situ hybridization and somatic cell hybrids",[2303258],"[2303258, 7649555, 8010709, 1924367]","The recurrent translocation breakpoint lies between probes D22S1 and D22S15.
",1.0,0.25,0.4,9.5
772,Which is the genetic lesion associated with Huntington’s disease?,The genetic lesion associated with Huntington's disease is a CAG trinucleotide repeat expansion in the HD (or HTT) gene.,[7620118],"[1839672, 7492964, 409284, 8985734]","The genetic lesion associated with Huntington's disease is the unstable, expanded trinucleotide repeat in the huntingtin gene.
",0.0,0.0,0.0,9.0
1172,Which is the chromosomal location of the gene MAOA?,The MAOA gene is locatad on chromosome X (Xp21-p11).,[2906043],"[2906043, 9070932, 8389441, 2885758]","The gene MAOA maps to the region Xp21-p11 on the human X chromosome.
",1.0,0.25,0.4,9.0
1722,What is the most prominent sequence consensus for the polyadenylation site?,"Functional polyadenylation [poly(A)] sites consist of two sequence elements, the AAUAAA and G/U box signals, that closely flank the site of mRNA 3'-end formation. The canonical polyadenylation signal sequence AATAAA","[1993703, 6194440, 1712333, 2513486, 1915889, 7901430]","[1712333, 3996596, 1634521, 8015613]","The most prominent sequence consensus for the polyadenylation site (poly(A) signal) is AATAAA. This hexanucleotide sequence is usually associated with the cleavage and polyadenylation of pre-mRNAs.
",0.16666666666666666,0.25,0.2,9.0
2523,What causes Black Lung?,"Black lung, also known as pneumoconiosis, is caused by chronic exposure to coal dust.","[8199664, 8803434, 8456342, 6453959]","[8199664, 8803434, 6453959, 3047212]","Black Lung, also known as coal workers' pneumoconiosis, is caused by exposure to and retention of respirable coal dust in the lungs. This long-term accumulation of fine particles leads to the characteristic lung disease associated with coal mining.
",0.75,0.75,0.75,9.0
2586,What is the approximate size of gas vesicles?,The diameter of gas vesicles is approximately 100nm.,[807555],"[807555, 9094221, 8199664, 7683649]","The maximum diameter of gas vesicles is approximately 100 nm.
",1.0,0.25,0.4,9.0
3600,Which de novo mutation in FGFR cause achondroplasia?,"Recurrent missense mutations in a CpG doublet of the transmembrane domain of the FGFR3 protein (glycine substituted with arginine at residue 380, G380R).",[8078586],"[8078586, 1530123, 9002682, 9115628]","A recurrent missense mutation, specifically glycine to arginine substitution at residue 380 (G380R), occurs in the transmembrane domain of theFGFR3 protein and causes achondroplasia.
",1.0,0.25,0.4,9.0
3822,List as many European influenza vaccines as possible.,"Three split-virion vaccines (Vaxigrip, Begrivac, and Influsplit/Fluarix) and three subunit vaccines containing only viral surface glycoproteins (Influvac, Agrippal, and Fluvirin).",[8801083],"[2147615, 1901182, 7013291, 2110385]","The passage mentions several influenza vaccines available for the 1994-95 season. However, it does not specify if they are all European. Since the passage is about analyzing these vaccines, it's likely that some or all of them may be European, but this information isn't explicitly provided in the given context.
",0.0,0.0,0.0,8.0
