id,question,answer,relevant_passage_ids,retriever_ids,llm_answer
206,Between which probes does the recurrent translocation breakpoint on chromosome 22 of neuroepithelioma lie?,"The recurrent translocation breakpoint on chromosome 22 of neuroepithelioma has been localized between two probes, D22S1 and D22S15, by both in situ hybridization and somatic cell hybrids",[2303258],"[2303258, 7649555, 8010709, 1924367]","The recurrent translocation breakpoint lies between the probes D22S1 and D22S15.
"
592,What is the genomic structure of the FAA (FANCA) gene?,"The FAA (FANCA) gene contains 43 exons spanning approximately 80 kb. Exons range from 34 to 188 bp, whereas sequence analysis of the 5' region upstream of the putative transcription start site showed no obvious TATA and CAAT boxes, but did show a GC-rich region, typical of housekeeping genes.",[9169126],"[1574115, 8058745, 1722259, 8180508]","The passage does not provide specific information about the genomic structure of the FANCA (FAA) gene. This would require additional research or a different source to find that information.


"
772,Which is the genetic lesion associated with Huntington’s disease?,The genetic lesion associated with Huntington's disease is a CAG trinucleotide repeat expansion in the HD (or HTT) gene.,[7620118],"[1839672, 7492964, 409284, 8985734]","The genetic lesion associated with Huntington's disease is the expansion of CAG repeats in the huntingtin gene.
"
1142,How are thyroid hormones involved in the development of diabetic cardiomyopathy?,The diabetic state  is associated with lowered T3 and T4 levels. Thyroid hormone treatment in diabetic cardiomyopathy may partially reverse cardiac dysfunction,"[8590944, 6134470, 2934121, 2830793, 3181644, 2059900]","[3181644, 8333797, 2934121, 8333798]","Thyroid hormone metabolism is altered in patients with advanced congestive heart failure and diabetes, suggesting a possible role in the development of diabetic cardiomyopathy. Abnormalities in thyroid hormone levels may contribute to the cardiac dysfunction seen in these conditions.
"
1172,Which is the chromosomal location of the gene MAOA?,The MAOA gene is locatad on chromosome X (Xp21-p11).,[2906043],"[2906043, 9070932, 8389441, 2885758]","The gene MAOA is located on the region Xp21-p11 of the human X chromosome.
"
1405,Can tetracycline affect tooth formation?,Tetracycline is incorporated in the teeth during their formation and leads to their permanent staining. A definite relationship between total dosage and staining and duration of administration and staining was established; the condition occurred with greater frequency (in more than one-third of the children) when the total dosage exceeded 3 g. or the duration of treatment was longer than 10 days.,"[5447715, 737550, 1410257, 3855899, 6829791]","[5447715, 737550, 7868848, 6829791]","Yes, the passage mentions that pre-labeling with tetracycline marks surfaces of bone and tooth formation-mineralization.
"
1616,What are the molecular characteristics of the FAA (FANCA) cDNA?,"The 5.5-kb cDNA of the FAA (FANCA) gene has an open reading frame of 4,368 nucleotides, whereas the FAA protein is predicted to have a molecular weight of approximately 163 kDa.",[8896563],"[1574115, 8058745, 1912490, 8599945]","The FAA cDNA is 1.18 kb in size and when expressed in Escherichia coli, it converts 2'-hydroxyformononetin stereospecifically to (3R)-vestitone, indicating its role in IFR biosynthesis.
:

assistant

It seems like there's a missing context or question for me to answer. If you have a specific topic or need assistance with something, please provide more details.
"
1722,What is the most prominent sequence consensus for the polyadenylation site?,"Functional polyadenylation [poly(A)] sites consist of two sequence elements, the AAUAAA and G/U box signals, that closely flank the site of mRNA 3'-end formation. The canonical polyadenylation signal sequence AATAAA","[1993703, 6194440, 1712333, 2513486, 1915889, 7901430]","[1712333, 3996596, 1634521, 8015613]","The most prominent sequence consensus for the polyadenylation (poly(A)) site is the AAUAAA signal.
"
2336,Which is the conserved motif of DEAD box proteins?,The conserved motif is: Asp(D)-Glu-(E)-Ala(A)-Asp(D),[7731693],"[8144024, 9184851, 1193013, 8692272]","The conserved motif of DEAD box proteins is a novel peptide motif not found in other DEAD box proteins.
"
2409,Are mouse chromosomes acrocentric?,yes,"[7606923, 6177004, 8896561, 9177778, 100785, 2767161, 3248380, 6538846]","[7606923, 1518820, 2767161, 9070932]","No, only chromosomes 19 and the sex chromosomes are acrocentric in the mouse karyotype.
"
2523,What causes Black Lung?,"Black lung, also known as pneumoconiosis, is caused by chronic exposure to coal dust.","[8199664, 8803434, 8456342, 6453959]","[8199664, 8803434, 6453959, 3047212]","Black Lung is caused by exposure to and retention of respirable coal dust in the respiratory system. This results from working in coal mines where dust is prevalent.
"
2586,What is the approximate size of gas vesicles?,The diameter of gas vesicles is approximately 100nm.,[807555],"[807555, 9094221, 8199664, 7683649]","The passage doesn't provide an exact size for gas vesicles. It only mentions the molecular weight of the GvpA protein, which is approximately 8,000 Daltons. However, this number does not correspond to the size of individual gas vesicles.
:、
"
2694,"Which bacteria was EcoRI, restriction endonuclease isolated from?","Among hundreds of restriction endonucleases, the Eco R1 enzyme is the most useful and widely investigated enzyme and was isolated from E. coli RY 13","[3025706, 2996987, 6099579, 349563]","[349563, 9090878, 3025706, 6099579]","The EcoRI, restriction endonuclease was isolated from the bacteria Escherichia coli.
"
3361,What is the main difference between nascent and mature chromatin?,"Nascent chromatin is created after transcription and is mostly lacking histone modifications and H1, which makes it more prone to digestion by DNaseI.","[6226660, 7171565, 1893943]","[6226660, 2264817, 1893943, 1747413]","Nascent chromatin, when replicated in the presence of sodium butyrate, fails to mature fully. It remains preferentially sensitive to DNaseI, more soluble in magnesium, and depleted of histone H1 compared to mature chromatin.
"
3600,Which de novo mutation in FGFR cause achondroplasia?,"Recurrent missense mutations in a CpG doublet of the transmembrane domain of the FGFR3 protein (glycine substituted with arginine at residue 380, G380R).",[8078586],"[8078586, 1530123, 9002682, 9115628]","The recurrent de novo mutation causing achondroplasia is a substitution of arginine for glycine at residue 380 (G380R) in the transmembrane domain of the fibroblast growth factor receptor 3 gene.
"
3822,List as many European influenza vaccines as possible.,"Three split-virion vaccines (Vaxigrip, Begrivac, and Influsplit/Fluarix) and three subunit vaccines containing only viral surface glycoproteins (Influvac, Agrippal, and Fluvirin).",[8801083],"[1901182, 7013291, 2110385, 8007629]","The passage provided does not contain information about specific European influenza vaccines. Therefore, based on the given context, I cannot list as many European influenza vaccines as possible.
"
